Ben,M,305
Charley,M,305
Paul,M,301
Edgar,M,283
Isaac,M,274
Otto,M,271
Luther,M,260
Lawrence,M,257
Ira,M,249
Patrick,M,248
Guy,M,239
Oliver,M,234
Theodore,M,232
Hugh,M,224
Clyde,M,221
Alexander,M,211
August,M,210
Floyd,M,206
Homer,M,205
Jack,M,204
Leonard,M,200
Horace,M,199
Marion,M,189
Philip,M,186
Allen,M,184
Archie,M,183
Stephen,M,176
Chester,M,168
Willis,M,166
Raymond,M,165
Rufus,M,163
Warren,M,158
Jessie,M,154
Milton,M,149
Alex,M,147
Leo,M,147
Julius,M,143
Ray,M,142
Sidney,M,142
Bernard,M,140
Dan,M,140
Jerry,M,136
Calvin,M,134
Perry,M,134
Dave,M,131
Anthony,M,130
Eddie,M,129
Amos,M,128
Dennis,M,128
Clifford,M,127
Leroy,M,124
Wesley,M,123
Alonzo,M,122
Garfield,M,122
Franklin,M,120
Emil,M,119
Leon,M,118
Nathan,M,114
Harold,M,113
Matthew,M,113
Levi,M,112
Moses,M,111
Everett,M,110
Lester,M,109
Winfield,M,108
Adam,M,104
Lloyd,M,104
Mack,M,104
Fredrick,M,103
Jay,M,103
Jess,M,103
Melvin,M,103
Noah,M,103
Aaron,M,102
Alvin,M,102
Norman,M,102
Gilbert,M,101
Elijah,M,100
Victor,M,100
Gus,M,99
Nelson,M,99
Jasper,M,98
Silas,M,98
Jake,M,96
Christopher,M,95
Mike,M,95
Percy,M,94
Adolph,M,93
Maurice,M,93
Cornelius,M,92
Felix,M,92
Reuben,M,92
Wallace,M,91
Claud,M,90
Roscoe,M,90
Sylvester,M,89
Earnest,M,88
Hiram,M,88
Otis,M,88
Simon,M,88
Willard,M,88
Irvin,M,86
Mark,M,85
Jose,M,84
Wilbur,M,82
Abraham,M,81
Virgil,M,81
Clinton,M,79
Elbert,M,79
Leslie,M,79
Marshall,M,78
Owen,M,78
Wiley,M,78
Anton,M,77
Morris,M,77
Manuel,M,75
Phillip,M,75
Augustus,M,74
Emmett,M,74
Eli,M,73
Nicholas,M,73
Wilson,M,72
Alva,M,70
Harley,M,70
Newton,M,70
Timothy,M,70
Marvin,M,69
Ross,M,69
Curtis,M,68
Edmund,M,67
Jeff,M,66
Elias,M,65
Harrison,M,65
Stanley,M,65
Columbus,M,64
Lon,M,64
Ora,M,64
Ollie,M,63
Pearl,M,62
Russell,M,62
Solomon,M,62
Arch,M,61
Asa,M,60
Clayton,M,60
Enoch,M,60
Irving,M,60
Mathew,M,60
Nathaniel,M,60
Scott,M,60
Hubert,M,59
Lemuel,M,59
Andy,M,58
Ellis,M,58
Emanuel,M,57
Joshua,M,57
Millard,M,56
Vernon,M,56
Wade,M,56
Cyrus,M,54
Miles,M,54
Rudolph,M,54
Sherman,M,54
Austin,M,53
Bill,M,53
Chas,M,53
Lonnie,M,53
Monroe,M,53
Byron,M,52
Edd,M,52
Emery,M,52
Grant,M,52
Jerome,M,52
Max,M,52
Mose,M,52
Steve,M,52
Gordon,M,51
Abe,M,50
Pete,M,50
Chris,M,49
Clark,M,49
Gustave,M,49
Orville,M,49
Lorenzo,M,48
Bruce,M,47
Marcus,M,47
Preston,M,47
Bob,M,46
Dock,M,46
Donald,M,46
Jackson,M,46
Cecil,M,45
Barney,M,44
Delbert,M,44
Edmond,M,44
Anderson,M,43
Christian,M,43
Glenn,M,43
Jefferson,M,43
Luke,M,43
Neal,M,43
Burt,M,42
Ike,M,42
Myron,M,42
Tony,M,42
Conrad,M,41
Joel,M,41
Matt,M,41
Riley,M,41
Vincent,M,41
Emory,M,40
Isaiah,M,40
Nick,M,40
Ezra,M,39
Green,M,39
Juan,M,39
Clifton,M,38
Lucius,M,38
Porter,M,38
Arnold,M,37
Bud,M,37
Jeremiah,M,37
Taylor,M,37
Forrest,M,36
Roland,M,36
Spencer,M,35
Burton,M,34
Don,M,34
Emmet,M,34
Gustav,M,33
Louie,M,33
Morgan,M,33
Ned,M,33
Van,M,33
Ambrose,M,32
Chauncey,M,32
Elisha,M,32
Ferdinand,M,32
General,M,32
Julian,M,32
Kenneth,M,32
Mitchell,M,32
Allie,M,31
Josh,M,31
Judson,M,31
Lyman,M,31
Napoleon,M,31
Pedro,M,31
Berry,M,30
Dewitt,M,30
Ervin,M,30
Forest,M,30
Lynn,M,30
Pink,M,30
Ruben,M,30
Sanford,M,30
Ward,M,30
Douglas,M,29
Ole,M,29
Omer,M,29
Ulysses,M,29
Walker,M,29
Wilbert,M,29
Adelbert,M,28
Benjiman,M,28
Ivan,M,28
Jonas,M,28
Major,M,28
Abner,M,27
Archibald,M,27
Caleb,M,27
Clint,M,27
Dudley,M,27
Granville,M,27
King,M,27
Mary,M,27
Merton,M,27
Antonio,M,26
Bennie,M,26
Carroll,M,26
Freeman,M,26
Josiah,M,26
Milo,M,26
Royal,M,26
Dick,M,25
Earle,M,25
Elza,M,25
Emerson,M,25
Fletcher,M,25
Judge,M,25
Laurence,M,25
Neil,M,25
Roger,M,25
Seth,M,25
Glen,M,24
Hugo,M,24
Jimmie,M,24
Johnnie,M,24
Washington,M,24
Elwood,M,23
Gust,M,23
Harmon,M,23
Jordan,M,23
Simeon,M,23
Wayne,M,23
Wilber,M,23
Clem,M,22
Evan,M,22
Frederic,M,22
Irwin,M,22
Junius,M,22
Lafayette,M,22
Loren,M,22
Madison,M,22
Mason,M,22
Orval,M,22
Abram,M,21
Aubrey,M,21
Elliott,M,21
Hans,M,21
Karl,M,21
Minor,M,21
Wash,M,21
Wilfred,M,21
Allan,M,20
Alphonse,M,20
Dallas,M,20
Dee,M,20
Isiah,M,20
Jason,M,20
Johnny,M,20
Lawson,M,20
Lew,M,20
Micheal,M,20
Orin,M,20
Addison,M,19
Cal,M,19
Erastus,M,19
Francisco,M,19
Hardy,M,19
Lucien,M,19
Randolph,M,19
Stewart,M,19
Vern,M,19
Wilmer,M,19
Zack,M,19
Adrian,M,18
Alvah,M,18
Bertram,M,18
Clay,M,18
Ephraim,M,18
Fritz,M,18
Giles,M,18
Grover,M,18
Harris,M,18
Isom,M,18
Jesus,M,18
Johnie,M,18
Jonathan,M,18
Lucian,M,18
Malcolm,M,18
Merritt,M,18
Otho,M,18
Perley,M,18
Rolla,M,18
Sandy,M,18
Tomas,M,18
Wilford,M,18
Adolphus,M,17
Angus,M,17
Arther,M,17
Carlos,M,17
Cary,M,17
Cassius,M,17
Davis,M,17
Hamilton,M,17
Harve,M,17
Israel,M,17
Leander,M,17
Melville,M,17
Merle,M,17
Murray,M,17
Pleasant,M,17
Sterling,M,17
Steven,M,17
Axel,M,16
Boyd,M,16
Bryant,M,16
Clement,M,16
Erwin,M,16
Ezekiel,M,16
Foster,M,16
Frances,M,16
Geo,M,16
Houston,M,16
Issac,M,16
Jules,M,16
Larkin,M,16
Mat,M,16
Morton,M,16
Orlando,M,16
Pierce,M,16
Prince,M,16
Rollie,M,16
Rollin,M,16
Sim,M,16
Stuart,M,16
Wilburn,M,16
Bennett,M,15
Casper,M,15
Christ,M,15
Dell,M,15
Egbert,M,15
Elmo,M,15
Fay,M,15
Gabriel,M,15
Hector,M,15
Horatio,M,15
Lige,M,15
Saul,M,15
Smith,M,15
Squire,M,15
Tobe,M,15
Tommie,M,15
Wyatt,M,15
Alford,M,14
Alma,M,14
Alton,M,14
Andres,M,14
Burl,M,14
Cicero,M,14
Dean,M,14
Dorsey,M,14
Enos,M,14
Howell,M,14
Lou,M,14
Loyd,M,14
Mahlon,M,14
Nat,M,14
Omar,M,14
Oran,M,14
Parker,M,14
Raleigh,M,14
Reginald,M,14
Rubin,M,14
Seymour,M,14
Wm,M,14
Young,M,14
Benjamine,M,13
Carey,M,13
Carlton,M,13
Eldridge,M,13
Elzie,M,13
Garrett,M,13
Isham,M,13
Johnson,M,13
Larry,M,13
Logan,M,13
Merrill,M,13
Mont,M,13
Oren,M,13
Pierre,M,13
Rex,M,13
Rodney,M,13
Ted,M,13
Webster,M,13
West,M,13
Wheeler,M,13
Willam,M,13
Al,M,12
Aloysius,M,12
Alvie,M,12
Anna,M,12
Art,M,12
Augustine,M,12
Bailey,M,12
Benjaman,M,12
Beverly,M,12
Bishop,M,12
Clair,M,12
Cloyd,M,12
Coleman,M,12
Dana,M,12
Duncan,M,12
Dwight,M,12
Emile,M,12
Evert,M,12
Henderson,M,12
Hunter,M,12
Jean,M,12
Lem,M,12
Luis,M,12
Mathias,M,12
Maynard,M,12
Miguel,M,12
Mortimer,M,12
Nels,M,12
Norris,M,12
Pat,M,12
Phil,M,12
Rush,M,12
Santiago,M,12
Sol,M,12
Sydney,M,12
Thaddeus,M,12
Thornton,M,12
Tim,M,12
Travis,M,12
Truman,M,12
Watson,M,12
Webb,M,12
Wellington,M,12
Winfred,M,12
Wylie,M,12
Alec,M,11
Basil,M,11
Baxter,M,11
Bertrand,M,11
Buford,M,11
Burr,M,11
Cleveland,M,11
Colonel,M,11
Dempsey,M,11
Early,M,11
Ellsworth,M,11
Fate,M,11
Finley,M,11
Gabe,M,11
Garland,M,11
Gerald,M,11
Herschel,M,11
Hezekiah,M,11
Justus,M,11
Lindsey,M,11
Marcellus,M,11
Olaf,M,11
Olin,M,11
Pablo,M,11
Rolland,M,11
Turner,M,11
Verne,M,11
Volney,M,11
Williams,M,11
Almon,M,10
Alois,M,10
Alonza,M,10
Anson,M,10
Authur,M,10
Benton,M,10
Billie,M,10
Cornelious,M,10
Darius,M,10
Denis,M,10
Dillard,M,10
Doctor,M,10
Elvin,M,10
Emma,M,10
Eric,M,10
Evans,M,10
Gideon,M,10
Haywood,M,10
Hilliard,M,10
Hosea,M,10
Lincoln,M,10
Lonzo,M,10
Lucious,M,10
Lum,M,10
Malachi,M,10
Newt,M,10
Noel,M,10
Orie,M,10
Palmer,M,10
Pinkney,M,10
Shirley,M,10
Sumner,M,10
Terry,M,10
Urban,M,10
Uriah,M,10
Valentine,M,10
Waldo,M,10
Warner,M,10
Wong,M,10
Zeb,M,10
Abel,M,9
Alden,M,9
Archer,M,9
Avery,M,9
Carson,M,9
Cullen,M,9
Doc,M,9
Eben,M,9
Elige,M,9
Elizabeth,M,9
Elmore,M,9
Ernst,M,9
Finis,M,9
Freddie,M,9
Godfrey,M,9
Guss,M,9
Hamp,M,9
Hermann,M,9
Isadore,M,9
Isreal,M,9
Jones,M,9
June,M,9
Lacy,M,9
Lafe,M,9
Leland,M,9
Llewellyn,M,9
Ludwig,M,9
Manford,M,9
Maxwell,M,9
Minnie,M,9
Obie,M,9
Octave,M,9
Orrin,M,9
Ossie,M,9
Oswald,M,9
Park,M,9
Parley,M,9
Ramon,M,9
Rice,M,9
Stonewall,M,9
Theo,M,9
Tillman,M,9
Addie,M,8
Aron,M,8
Ashley,M,8
Bernhard,M,8
Bertie,M,8
Berton,M,8
Buster,M,8
Butler,M,8
Carleton,M,8
Carrie,M,8
Clara,M,8
Clarance,M,8
Clare,M,8
Crawford,M,8
Danial,M,8
Dayton,M,8
Dolphus,M,8
Elder,M,8
Ephriam,M,8
Fayette,M,8
Felipe,M,8
Fernando,M,8
Flem,M,8
Florence,M,8
Ford,M,8
Harlan,M,8
Hayes,M,8
Henery,M,8
Hoy,M,8
Huston,M,8
Ida,M,8
Ivory,M,8
Jonah,M,8
Justin,M,8
Lenard,M,8
Leopold,M,8
Lionel,M,8
Manley,M,8
Marquis,M,8
Marshal,M,8
Mart,M,8
Odie,M,8
Olen,M,8
Oral,M,8
Orley,M,8
Otha,M,8
Press,M,8
Price,M,8
Quincy,M,8
Randall,M,8
Rich,M,8
Richmond,M,8
Romeo,M,8
Russel,M,8
Rutherford,M,8
Shade,M,8
Shelby,M,8
Solon,M,8
Thurman,M,8
Tilden,M,8
Troy,M,8
Woodson,M,8
Worth,M,8
Aden,M,7
Alcide,M,7
Alf,M,7
Algie,M,7
Arlie,M,7
Bart,M,7
Bedford,M,7
Benito,M,7
Billy,M,7
Bird,M,7
Birt,M,7
Bruno,M,7
Burley,M,7
Chancy,M,7
Claus,M,7
Cliff,M,7
Clovis,M,7
Connie,M,7
Creed,M,7
Delos,M,7
Duke,M,7
Eber,M,7
Eligah,M,7
Elliot,M,7
Elton,M,7
Emmitt,M,7
Gene,M,7
Golden,M,7
Hal,M,7
Hardin,M,7
Harman,M,7
Hervey,M,7
Hollis,M,7
Ivey,M,7
Jennie,M,7
Len,M,7
Lindsay,M,7
Lonie,M,7
Lyle,M,7
Mac,M,7
Mal,M,7
Math,M,7
Miller,M,7
Orson,M,7
Osborne,M,7
Percival,M,7
Pleas,M,7
Ples,M,7
Rafael,M,7
Raoul,M,7
Roderick,M,7
Rose,M,7
Shelton,M,7
Sid,M,7
Theron,M,7
Tobias,M,7
Toney,M,7
Tyler,M,7
Vance,M,7
Vivian,M,7
Walton,M,7
Watt,M,7
Weaver,M,7
Wilton,M,7
Adolf,M,6
Albin,M,6
Albion,M,6
Allison,M,6
Alpha,M,6
Alpheus,M,6
Anastacio,M,6
Andre,M,6
Annie,M,6
Arlington,M,6
Armand,M,6
Asberry,M,6
Asbury,M,6
Asher,M,6
Augustin,M,6
Auther,M,6
Author,M,6
Ballard,M,6
Blas,M,6
Caesar,M,6
Candido,M,6
Cato,M,6
Clarke,M,6
Clemente,M,6
Colin,M,6
Commodore,M,6
Cora,M,6
Coy,M,6
Cruz,M,6
Curt,M,6
Damon,M,6
Davie,M,6
Delmar,M,6
Dexter,M,6
Dora,M,6
Doss,M,6
Drew,M,6
Edson,M,6
Elam,M,6
Elihu,M,6
Eliza,M,6
Elsie,M,6
Erie,M,6
Ernie,M,6
Ethel,M,6
Ferd,M,6
Friend,M,6
Garry,M,6
Gary,M,6
Grace,M,6
Gustaf,M,6
Hallie,M,6
Hampton,M,6
Harrie,M,6
Hattie,M,6
Hence,M,6
Hillard,M,6
Hollie,M,6
Holmes,M,6
Hope,M,6
Hyman,M,6
Ishmael,M,6
Jarrett,M,6
Jessee,M,6
Joeseph,M,6
Junious,M,6
Kirk,M,6
Levy,M,6
Mervin,M,6
Michel,M,6
Milford,M,6
Mitchel,M,6
Nellie,M,6
Noble,M,6
Obed,M,6
Oda,M,6
Orren,M,6
Ottis,M,6
Rafe,M,6
Redden,M,6
Reese,M,6
Rube,M,6
Ruby,M,6
Rupert,M,6
Salomon,M,6
Sammie,M,6
Sanders,M,6
Soloman,M,6
Stacy,M,6
Stanford,M,6
Stanton,M,6
Thad,M,6
Titus,M,6
Tracy,M,6
Vernie,M,6
Wendell,M,6
Wilhelm,M,6
Willian,M,6
Yee,M,6
Zeke,M,6
Ab,M,5
Abbott,M,5
Agustus,M,5
Albertus,M,5
Almer,M,5
Alphonso,M,5
Alvia,M,5
Artie,M,5
Arvid,M,5
Ashby,M,5
Augusta,M,5
Aurthur,M,5
Babe,M,5
Baldwin,M,5
Barnett,M,5
Bartholomew,M,5
Barton,M,5
Bernie,M,5
Blaine,M,5
Boston,M,5
Brad,M,5
Bradford,M,5
Bradley,M,5
Brooks,M,5
Buck,M,5
Budd,M,5
Ceylon,M,5
Chalmers,M,5
Chesley,M,5
Chin,M,5
Cleo,M,5
Crockett,M,5
Cyril,M,5
Daisy,M,5
Denver,M,5
Dow,M,5
Duff,M,5
Edie,M,5
Edith,M,5
Elick,M,5
Elie,M,5
Eliga,M,5
Eliseo,M,5
Elroy,M,5
Ely,M,5
Ennis,M,5
Enrique,M,5
Erasmus,M,5
Esau,M,5
Everette,M,5
Firman,M,5
Fleming,M,5
Flora,M,5
Gardner,M,5
Gee,M,5
Gorge,M,5
Gottlieb,M,5
Gregorio,M,5
Gregory,M,5
Gustavus,M,5
Halsey,M,5
Handy,M,5
Hardie,M,5
Harl,M,5
Hayden,M,5
Hays,M,5
Hermon,M,5
Hershel,M,5
Holly,M,5
Hosteen,M,5
Hoyt,M,5
Hudson,M,5
Huey,M,5
Humphrey,M,5
Hunt,M,5
Hyrum,M,5
Irven,M,5
Isam,M,5
Ivy,M,5
Jabez,M,5
Jewel,M,5
Jodie,M,5
Judd,M,5
Julious,M,5
Justice,M,5
Katherine,M,5
Kelly,M,5
Kit,M,5
Knute,M,5
Lavern,M,5
Lawyer,M,5
Layton,M,5
Leonidas,M,5
Lewie,M,5
Lillie,M,5
Linwood,M,5
Loran,M,5
Lorin,M,5
Mace,M,5
Malcom,M,5
Manly,M,5
Manson,M,5
Matthias,M,5
Mattie,M,5
Merida,M,5
Miner,M,5
Montgomery,M,5
Moroni,M,5
Murdock,M,5
Myrtle,M,5
Nate,M,5
Nathanial,M,5
Nimrod,M,5
Nora,M,5
Norval,M,5
Nova,M,5
Orion,M,5
Orla,M,5
Orrie,M,5
Payton,M,5
Philo,M,5
Phineas,M,5
Presley,M,5
Ransom,M,5
Reece,M,5
Rene,M,5
Roswell,M,5
Rowland,M,5
Sampson,M,5
Samual,M,5
Santos,M,5
Schuyler,M,5
Sheppard,M,5
Spurgeon,M,5
Starling,M,5
Sylvanus,M,5
Theadore,M,5
Theophile,M,5
Tilmon,M,5
Tommy,M,5
Unknown,M,5
Vann,M,5
Wes,M,5
Winston,M,5
Wood,M,5
Woodie,M,5
Worthy,M,5
Wright,M,5